{
  "training_rewards": [
    -97.5,
    -97.0,
    -96.8,
    -96.6,
    -97.5,
    -97.4,
    -97.6,
    -97.6,
    -97.1,
    -97.6,
    -97.5,
    -97.7,
    -97.6,
    -97.3,
    -97.6,
    -97.6,
    -97.5,
    -97.2,
    -97.2,
    -96.3,
    -97.4,
    -97.3,
    -97.5,
    -96.3,
    -97.4,
    -97.4,
    -97.4,
    -97.6,
    -97.2,
    -97.0,
    -97.6,
    -97.6,
    -97.7,
    -97.1,
    -97.6,
    -97.3,
    -97.4,
    -97.1,
    -97.4,
    -97.1,
    -96.5,
    -97.6,
    -97.1,
    -97.5,
    -97.5,
    -97.0,
    -97.4,
    -96.2,
    -97.5,
    -97.6,
    -97.1,
    -97.0,
    -96.0,
    -97.3,
    -97.7,
    -97.0,
    -97.6,
    -97.5,
    -97.5,
    -97.3,
    -97.0,
    -97.4,
    -96.39999999999999,
    -97.4,
    -97.6,
    -97.4,
    -97.6,
    -97.6,
    -97.3,
    -97.6,
    -96.6,
    -97.5,
    -97.6,
    -97.0,
    -97.6,
    -96.0,
    -97.6,
    -97.2,
    -97.2,
    -97.5,
    -96.5,
    -96.9,
    -95.9,
    -97.0,
    -97.4,
    -97.4,
    -96.8,
    -97.1,
    -97.0,
    -97.1,
    -97.4,
    -97.7,
    -97.2,
    -97.6,
    -97.6,
    -97.5,
    -96.3,
    -95.6,
    -97.5,
    -97.4,
    -96.8,
    -97.5,
    -97.5,
    -97.2,
    -97.0,
    -97.3,
    -97.4,
    -96.0,
    -96.9,
    -95.7,
    -97.3,
    -97.5,
    -96.8,
    -97.6,
    -97.2,
    -97.5,
    -96.7,
    -96.7,
    -97.2,
    -97.1,
    -96.39999999999999,
    -97.7,
    -96.6,
    -96.8,
    -96.7,
    -96.3,
    -97.4,
    -97.4,
    -95.8,
    -97.6,
    -97.6,
    -96.5,
    -97.3,
    -97.4,
    -97.2,
    -97.0,
    -97.4,
    -96.8,
    -96.8,
    -97.0,
    -96.9,
    -95.0,
    -97.2,
    -97.0,
    -97.6,
    -95.9,
    -95.1,
    -97.4,
    -97.4,
    -97.3,
    -99.2,
    -97.3,
    -95.0,
    -97.1,
    -96.9,
    -96.8,
    -97.7,
    -97.4,
    -97.1,
    -97.6,
    -96.6,
    -96.3,
    -96.9,
    -96.1,
    -96.5,
    -96.0,
    -95.4,
    -96.7,
    -95.0,
    -94.7,
    -97.6,
    -97.5,
    -96.39999999999999,
    -95.3,
    -95.0,
    -96.9,
    -99.2,
    -96.8,
    -96.9,
    -95.9,
    -95.4,
    -97.5,
    -97.4,
    -96.9,
    -97.5,
    -97.3,
    -97.3,
    -95.7,
    -96.9,
    -95.2,
    -96.9,
    -95.3,
    -97.3,
    -95.7,
    -96.8,
    -97.6,
    -97.1,
    -97.5,
    -96.2,
    -97.6
  ],
  "training_lengths": [
    26,
    31,
    33,
    35,
    26,
    27,
    25,
    25,
    30,
    25,
    26,
    24,
    25,
    28,
    25,
    25,
    26,
    29,
    29,
    38,
    27,
    28,
    26,
    38,
    27,
    27,
    27,
    25,
    29,
    31,
    25,
    25,
    24,
    30,
    25,
    28,
    27,
    30,
    27,
    30,
    36,
    25,
    30,
    26,
    26,
    31,
    27,
    39,
    26,
    25,
    30,
    31,
    41,
    28,
    24,
    31,
    25,
    26,
    26,
    28,
    31,
    27,
    37,
    27,
    25,
    27,
    25,
    25,
    28,
    25,
    35,
    26,
    25,
    31,
    25,
    41,
    25,
    29,
    29,
    26,
    36,
    32,
    42,
    31,
    27,
    27,
    33,
    30,
    31,
    30,
    27,
    24,
    29,
    25,
    25,
    26,
    38,
    45,
    26,
    27,
    33,
    26,
    26,
    29,
    31,
    28,
    27,
    41,
    32,
    44,
    28,
    26,
    33,
    25,
    29,
    26,
    34,
    34,
    29,
    30,
    37,
    24,
    35,
    33,
    34,
    38,
    27,
    27,
    43,
    25,
    25,
    36,
    28,
    27,
    29,
    31,
    27,
    33,
    33,
    31,
    32,
    51,
    29,
    31,
    25,
    42,
    50,
    27,
    27,
    28,
    9,
    28,
    51,
    30,
    32,
    33,
    24,
    27,
    30,
    25,
    35,
    38,
    32,
    40,
    36,
    41,
    47,
    34,
    51,
    54,
    25,
    26,
    37,
    48,
    51,
    32,
    9,
    33,
    32,
    42,
    47,
    26,
    27,
    32,
    26,
    28,
    28,
    44,
    32,
    49,
    32,
    48,
    28,
    44,
    33,
    25,
    30,
    26,
    39,
    25
  ],
  "training_scores": [
    0,
    0,
    0,
    0,
    0,
    0,
    0,
    0,
    0,
    0,
    0,
    0,
    0,
    0,
    0,
    0,
    0,
    0,
    0,
    0,
    0,
    0,
    0,
    0,
    0,
    0,
    0,
    0,
    0,
    0,
    0,
    0,
    0,
    0,
    0,
    0,
    0,
    0,
    0,
    0,
    0,
    0,
    0,
    0,
    0,
    0,
    0,
    0,
    0,
    0,
    0,
    0,
    0,
    0,
    0,
    0,
    0,
    0,
    0,
    0,
    0,
    0,
    0,
    0,
    0,
    0,
    0,
    0,
    0,
    0,
    0,
    0,
    0,
    0,
    0,
    0,
    0,
    0,
    0,
    0,
    0,
    0,
    0,
    0,
    0,
    0,
    0,
    0,
    0,
    0,
    0,
    0,
    0,
    0,
    0,
    0,
    0,
    0,
    0,
    0,
    0,
    0,
    0,
    0,
    0,
    0,
    0,
    0,
    0,
    0,
    0,
    0,
    0,
    0,
    0,
    0,
    0,
    0,
    0,
    0,
    0,
    0,
    0,
    0,
    0,
    0,
    0,
    0,
    0,
    0,
    0,
    0,
    0,
    0,
    0,
    0,
    0,
    0,
    0,
    0,
    0,
    0,
    0,
    0,
    0,
    0,
    0,
    0,
    0,
    0,
    0,
    0,
    0,
    0,
    0,
    0,
    0,
    0,
    0,
    0,
    0,
    0,
    0,
    0,
    0,
    0,
    0,
    0,
    0,
    0,
    0,
    0,
    0,
    0,
    0,
    0,
    0,
    0,
    0,
    0,
    0,
    0,
    0,
    0,
    0,
    0,
    0,
    0,
    0,
    0,
    0,
    0,
    0,
    0,
    0,
    0,
    0,
    0,
    0,
    0
  ],
  "mean_reward": -96.82300000000001,
  "mean_score": 0.0,
  "std_reward": 0.8337691527035526
}